{"cameraMode":{"drawMode":0,"name":"Shaded","section":"Shading Mode"},"sceneLighting":false,"audioPlay":false,"sceneViewState":{"showFog":true,"showMaterialUpdate":false,"showSkybox":false,"showFlares":true,"showImageEffects":true,"showParticleSystems":true},"in2DMode":false,"pivot":{"x":-0.004886507987976074,"y":0.9375059604644775,"z":0.01973685622215271},"rotation":{"x":-0.28475242853164675,"y":0.08097407966852188,"z":-0.024145761504769326,"w":-0.9548803567886353},"size":1.289477825164795,"orthographic":false}