{"cameraMode":{"drawMode":0,"name":"Shaded","section":"Shading Mode"},"sceneLighting":false,"audioPlay":false,"sceneViewState":{"showFog":true,"showMaterialUpdate":false,"showSkybox":false,"showFlares":true,"showImageEffects":true,"showParticleSystems":true},"in2DMode":false,"pivot":{"x":-0.009139060974121094,"y":2.8244473934173586,"z":1.5689043998718262},"rotation":{"x":-0.08090395480394364,"y":0.8287380933761597,"z":-0.12424434721469879,"w":-0.5396522283554077},"size":4.539218425750732,"orthographic":false}