{"cameraMode":{"drawMode":0,"name":"Shaded","section":"Shading Mode"},"sceneLighting":false,"audioPlay":false,"sceneViewState":{"showFog":true,"showMaterialUpdate":false,"showSkybox":false,"showFlares":true,"showImageEffects":true,"showParticleSystems":true},"in2DMode":false,"pivot":{"x":-3.83001708984375,"y":2.339996337890625,"z":-0.24500000476837159},"rotation":{"x":-0.24904116988182069,"y":0.0673404410481453,"z":-0.017359692603349687,"w":-0.9660037755966187},"size":6.059255599975586,"orthographic":false}